vrt_path,name,priority,leaf
ai_application_security,AI Application Security,,false
ai_application_security.adversarial_example_injection,Adversarial Example Injection,,false
ai_application_security.adversarial_example_injection.ai_misclassification_attacks,AI Misclassification Attacks,4,true
ai_application_security.ai_safety,AI Safety,,false
ai_application_security.ai_safety.misinformation_wrong_factual_data,Misinformation / Wrong Factual Data,4,true
ai_application_security.denial_of_service_dos,Denial-of-Service (DoS),,false
ai_application_security.denial_of_service_dos.application_wide,Application-Wide,2,true
ai_application_security.denial_of_service_dos.tenant_scoped,Tenant-Scoped,4,true
ai_application_security.improper_input_handling,Improper Input Handling,,false
ai_application_security.improper_input_handling.ansi_escape_codes,ANSI Escape Codes,5,true
ai_application_security.improper_input_handling.rtl_overrides,RTL Overrides,5,true
ai_application_security.improper_input_handling.unicode_confusables,Unicode Confusables,5,true
ai_application_security.improper_output_handling,Improper Output Handling,,false
ai_application_security.improper_output_handling.cross_site_scripting_xss,Cross-Site Scripting (XSS),3,true
ai_application_security.improper_output_handling.markdown_html_injection,Markdown/HTML Injection,4,true
ai_application_security.insufficient_rate_limiting,Insufficient Rate Limiting,,false
ai_application_security.insufficient_rate_limiting.query_flooding_api_token_abuse,Query Flooding / API Token Abuse,4,true
ai_application_security.model_extraction,Model Extraction,,false
ai_application_security.model_extraction.api_query_based_model_reconstruction,API Query-Based Model Reconstruction,1,true
ai_application_security.prompt_injection,Prompt Injection,,false
ai_application_security.prompt_injection.system_prompt_leakage,System Prompt Leakage,2,true
ai_application_security.remote_code_execution,Remote Code Execution,,false
ai_application_security.remote_code_execution.full_system_compromise,Full System Compromise,1,true
ai_application_security.remote_code_execution.sandboxed_container_code_execution,Sandboxed Container Code Execution,2,true
ai_application_security.sensitive_information_disclosure,Sensitive Information Disclosure,,false
ai_application_security.sensitive_information_disclosure.cross_tenant_pii_leakage_exposure,Cross-Tenant PII Leakage/Exposure,1,true
ai_application_security.sensitive_information_disclosure.key_leak,Key Leak,1,true
ai_application_security.training_data_poisoning,Training Data Poisoning,,false
ai_application_security.training_data_poisoning.backdoor_injection_bias_manipulation,Backdoor Injection / Bias Manipulation,1,true
ai_application_security.vector_and_embedding_weaknesses,Vector and Embedding Weaknesses,,false
ai_application_security.vector_and_embedding_weaknesses.embedding_exfiltration_model_extraction,Embedding Exfiltration / Model Extraction,2,true
ai_application_security.vector_and_embedding_weaknesses.semantic_indexing,Semantic Indexing,3,true
algorithmic_biases,Algorithmic Biases,,false
algorithmic_biases.aggregation_bias,Aggregation Bias,,true
algorithmic_biases.processing_bias,Processing Bias,,true
application_level_denial_of_service_dos,Application-Level Denial-of-Service (DoS),,false
application_level_denial_of_service_dos.app_crash,App Crash,,false
application_level_denial_of_service_dos.app_crash.malformed_android_intents,Malformed Android Intents,5,true
application_level_denial_of_service_dos.app_crash.malformed_ios_url_schemes,Malformed iOS URL Schemes,5,true
application_level_denial_of_service_dos.critical_impact_and_or_easy_difficulty,Critical Impact and/or Easy Difficulty,2,true
application_level_denial_of_service_dos.excessive_resource_consumption,Excessive Resource Consumption,,false
application_level_denial_of_service_dos.excessive_resource_consumption.injection_prompt,Injection (Prompt),,true
application_level_denial_of_service_dos.high_impact_and_or_medium_difficulty,High Impact and/or Medium Difficulty,3,true
automotive_security_misconfiguration,Automotive Security Misconfiguration,,false
automotive_security_misconfiguration.abs,Automatic Braking System (ABS),,false
automotive_security_misconfiguration.abs.unintended_acceleration_brake,Unintended Acceleration / Brake,3,true
automotive_security_misconfiguration.battery_management_system,Battery Management System,,false
automotive_security_misconfiguration.battery_management_system.firmware_dump,Firmware Dump,3,true
automotive_security_misconfiguration.battery_management_system.fraudulent_interface,Fraudulent Interface,4,true
automotive_security_misconfiguration.can,CAN,,false
automotive_security_misconfiguration.can.injection_basic_safety_message,Injection (Basic Safety Message),3,true
automotive_security_misconfiguration.can.injection_battery_management_system,Injection (Battery Management System),3,true
automotive_security_misconfiguration.can.injection_disallowed_messages,Injection (Disallowed Messages),4,true
automotive_security_misconfiguration.can.injection_dos,Injection (DoS),4,true
automotive_security_misconfiguration.can.injection_headlights,Injection (Headlights),3,true
automotive_security_misconfiguration.can.injection_powertrain,Injection (Powertrain),3,true
automotive_security_misconfiguration.can.injection_pyrotechnical_device_deployment_tool,Injection (Pyrotechnical Device Deployment Tool),3,true
automotive_security_misconfiguration.can.injection_sensors,Injection (Sensors),3,true
automotive_security_misconfiguration.can.injection_steering_control,Injection (Steering Control),3,true
automotive_security_misconfiguration.can.injection_vehicle_anti_theft_systems,Injection (Vehicle Anti-theft Systems),3,true
automotive_security_misconfiguration.gnss_gps,GNSS / GPS,,false
automotive_security_misconfiguration.gnss_gps.spoofing,Spoofing,4,true
automotive_security_misconfiguration.immobilizer,Immobilizer,,false
automotive_security_misconfiguration.immobilizer.engine_start,Engine Start,3,true
automotive_security_misconfiguration.infotainment_radio_head_unit,"Infotainment, Radio Head Unit",,false
automotive_security_misconfiguration.infotainment_radio_head_unit.code_execution_can_bus_pivot,Code Execution (CAN Bus Pivot),2,true
automotive_security_misconfiguration.infotainment_radio_head_unit.code_execution_no_can_bus_pivot,Code Execution (No CAN Bus Pivot),3,true
automotive_security_misconfiguration.infotainment_radio_head_unit.default_credentials,Default Credentials,4,true
automotive_security_misconfiguration.infotainment_radio_head_unit.dos_brick,Denial of Service (DoS / Brick),4,true
automotive_security_misconfiguration.infotainment_radio_head_unit.ota_firmware_manipulation,OTA Firmware Manipulation,2,true
automotive_security_misconfiguration.infotainment_radio_head_unit.sensitive_data_leakage_exposure,Sensitive data Leakage/Exposure,1,true
automotive_security_misconfiguration.infotainment_radio_head_unit.source_code_dump,Source Code Dump,4,true
automotive_security_misconfiguration.infotainment_radio_head_unit.unauthorized_access_to_services,Unauthorized Access to Services (API / Endpoints),3,true
automotive_security_misconfiguration.rf_hub,RF Hub,,false
automotive_security_misconfiguration.rf_hub.can_injection_interaction,CAN Injection / Interaction,2,true
automotive_security_misconfiguration.rf_hub.data_leakage_pull_encryption_mechanism,Data Leakage / Pull Encryption Mechanism,3,true
automotive_security_misconfiguration.rf_hub.key_fob_cloning,Key Fob Cloning,1,true
automotive_security_misconfiguration.rf_hub.relay,Relay,5,true
automotive_security_misconfiguration.rf_hub.replay,Replay,5,true
automotive_security_misconfiguration.rf_hub.roll_jam,Roll Jam,5,true
automotive_security_misconfiguration.rf_hub.unauthorized_access_turn_on,Unauthorized Access / Turn On,4,true
automotive_security_misconfiguration.rsu,Roadside Unit (RSU),,false
automotive_security_misconfiguration.rsu.sybil_attack,Sybil Attack,4,true
blockchain_infrastructure_misconfiguration,Blockchain Infrastructure Misconfiguration,,false
blockchain_infrastructure_misconfiguration.improper_bridge_validation_and_verification_logic,Improper Bridge Validation and Verification Logic,,true
broken_access_control,Broken Access Control (BAC),,false
broken_access_control.bypass_of_password_confirmation,Bypass of Password Confirmation,,false
broken_access_control.bypass_of_password_confirmation.change_password,Change Password,4,true
broken_access_control.exposed_sensitive_android_intent,Exposed Sensitive Android Intent,,true
broken_access_control.exposed_sensitive_ios_url_scheme,Exposed Sensitive iOS URL Scheme,,true
broken_access_control.idor,Insecure Direct Object References (IDOR),,false
broken_access_control.idor.modify_sensitive_information_iterable_object_identifiers,Modify Sensitive Information(Iterable Object Identifiers),2,true
broken_access_control.idor.modify_view_sensitive_information_guid,Modify/View Sensitive Information(Complex Object Identifiers GUID/UUID),4,true
broken_access_control.idor.modify_view_sensitive_information_iterable_object_identifiers,Modify/View Sensitive Information(Iterable Object Identifiers),1,true
broken_access_control.idor.view_non_sensitive_information,View Non-Sensitive Information,5,true
broken_access_control.idor.view_sensitive_information_iterable_object_identifiers,View Sensitive Information(Iterable Object Identifiers),3,true
broken_access_control.privilege_escalation,Privilege Escalation,,true
broken_access_control.username_enumeration,Username/Email Enumeration,,false
broken_access_control.username_enumeration.non_brute_force,Non-Brute Force,4,true
broken_authentication_and_session_management,Broken Authentication and Session Management,,false
broken_authentication_and_session_management.authentication_bypass,Authentication Bypass,1,true
broken_authentication_and_session_management.cleartext_transmission_of_session_token,Cleartext Transmission of Session Token,4,true
broken_authentication_and_session_management.concurrent_logins,Concurrent Logins,5,true
broken_authentication_and_session_management.failure_to_invalidate_session,Failure to Invalidate Session,,false
broken_authentication_and_session_management.failure_to_invalidate_session.all_sessions,Concurrent Sessions On Logout,5,true
broken_authentication_and_session_management.failure_to_invalidate_session.long_timeout,Long Timeout,5,true
broken_authentication_and_session_management.failure_to_invalidate_session.on_email_change,On Email Change,5,true
broken_authentication_and_session_management.failure_to_invalidate_session.on_logout,On Logout (Client and Server-Side),4,true
broken_authentication_and_session_management.failure_to_invalidate_session.on_logout_server_side_only,On Logout (Server-Side Only),5,true
broken_authentication_and_session_management.failure_to_invalidate_session.on_password_change,On Password Reset and/or Change,4,true
broken_authentication_and_session_management.failure_to_invalidate_session.on_two_fa_activation_change,On 2FA Activation/Change,5,true
broken_authentication_and_session_management.failure_to_invalidate_session.permission_change,On Permission Change,,true
broken_authentication_and_session_management.saml_replay,SAML Replay,5,true
broken_authentication_and_session_management.session_fixation,Session Fixation,,false
broken_authentication_and_session_management.session_fixation.local_attack_vector,Local Attack Vector,5,true
broken_authentication_and_session_management.session_fixation.remote_attack_vector,Remote Attack Vector,3,true
broken_authentication_and_session_management.two_fa_bypass,Second Factor Authentication (2FA) Bypass,3,true
broken_authentication_and_session_management.weak_login_function,Weak Login Function,,false
broken_authentication_and_session_management.weak_login_function.not_operational,Not Operational or Intended Public Access,5,true
broken_authentication_and_session_management.weak_login_function.other_plaintext_protocol_no_secure_alternative,Other Plaintext Protocol with no Secure Alternative,4,true
broken_authentication_and_session_management.weak_login_function.over_http,Over HTTP,4,true
broken_authentication_and_session_management.weak_registration_implementation,Weak Registration Implementation,,false
broken_authentication_and_session_management.weak_registration_implementation.over_http,Over HTTP,4,true
broken_authentication_and_session_management.excessive_jwt_lifetime,Excessive JSON Web Token (JWT) Lifetime,5,true
broken_authentication_and_session_management.secret_questions_account_verification,Secret Questions Used for Account Verification,5,true
client_side_injection,Client-Side Injection,,false
client_side_injection.binary_planting,Binary Planting,,false
client_side_injection.binary_planting.no_privilege_escalation,No Privilege Escalation,5,true
client_side_injection.binary_planting.non_default_folder_privilege_escalation,Non-Default Folder Privilege Escalation,5,true
client_side_injection.binary_planting.privilege_escalation,Default Folder Privilege Escalation,3,true
cloud_security,Cloud Security,,false
cloud_security.identity_and_access_management_iam_misconfigurations,Identity and Access Management (IAM) Misconfigurations,,false
cloud_security.identity_and_access_management_iam_misconfigurations.overly_permissive_iam_roles,Overly Permissive IAM Roles,2,true
cloud_security.identity_and_access_management_iam_misconfigurations.publicly_accessible_iam_credentials,Publicly Accessible IAM Credentials,1,true
cloud_security.logging_and_monitoring_issues,Logging and Monitoring Issues,,false
cloud_security.logging_and_monitoring_issues.disabled_or_insufficient_logging,Disabled or Insufficient Logging,5,true
cloud_security.misconfigured_services_and_apis,Misconfigured Services and APIs,,false
cloud_security.misconfigured_services_and_apis.exposed_debug_or_admin_interfaces,Exposed Debug or Admin Interfaces,,true
cloud_security.misconfigured_services_and_apis.insecure_api_endpoints,Insecure API Endpoints,4,true
cloud_security.network_configuration_issues,Network Configuration Issues,,false
cloud_security.network_configuration_issues.lack_of_network_segmentation,Lack of Network Segmentation,3,true
cloud_security.network_configuration_issues.open_management_ports_to_the_internet,Open Management Ports to the Internet,3,true
cloud_security.storage_misconfigurations,Storage Misconfigurations,,false
cloud_security.storage_misconfigurations.publicly_accessible_cloud_storage,Publicly Accessible Cloud Storage,,true
cloud_security.storage_misconfigurations.unencrypted_sensitive_data_at_rest,Unencrypted Sensitive Data at Rest,2,true
cross_site_request_forgery_csrf,Cross-Site Request Forgery (CSRF),,false
cross_site_request_forgery_csrf.action_specific,Action-Specific,,false
cross_site_request_forgery_csrf.action_specific.authenticated_action,Authenticated Action,,true
cross_site_request_forgery_csrf.action_specific.logout,Logout,5,true
cross_site_request_forgery_csrf.action_specific.unauthenticated_action,Unauthenticated Action,,true
cross_site_request_forgery_csrf.application_wide,Application-Wide,2,true
cross_site_request_forgery_csrf.csrf_token_not_unique_per_request,CSRF Token Not Unique Per Request,5,true
cross_site_request_forgery_csrf.flash_based,Flash-Based,5,true
cross_site_scripting_xss,Cross-Site Scripting (XSS),,false
cross_site_scripting_xss.cookie_based,Cookie-Based,5,true
cross_site_scripting_xss.flash_based,Flash-Based,5,true
cross_site_scripting_xss.ie_only,IE-Only,5,true
cross_site_scripting_xss.off_domain,Off-Domain,,false
cross_site_scripting_xss.off_domain.data_uri,Data URI,4,true
cross_site_scripting_xss.referer,Referer,4,true
cross_site_scripting_xss.reflected,Reflected,,false
cross_site_scripting_xss.reflected.non_self,Non-Self,3,true
cross_site_scripting_xss.reflected.self,Self,5,true
cross_site_scripting_xss.stored,Stored,,false
cross_site_scripting_xss.stored.non_admin_to_anyone,Non-Privileged User to Anyone,2,true
cross_site_scripting_xss.stored.privileged_user_to_no_privilege_elevation,Privileged User to No Privilege Elevation,4,true
cross_site_scripting_xss.stored.privileged_user_to_privilege_elevation,Privileged User to Privilege Elevation,3,true
cross_site_scripting_xss.stored.self,Self,5,true
cross_site_scripting_xss.stored.url_based,CSRF/URL-Based,3,true
cross_site_scripting_xss.trace_method,TRACE Method,5,true
cross_site_scripting_xss.universal_uxss,Universal (UXSS),4,true
cryptographic_weakness,Cryptographic Weakness,,false
cryptographic_weakness.broken_cryptography,Broken Cryptography,,false
cryptographic_weakness.broken_cryptography.use_of_broken_cryptographic_primitive,Use of Broken Cryptographic Primitive,3,true
cryptographic_weakness.broken_cryptography.use_of_vulnerable_cryptographic_library,Use of Vulnerable Cryptographic Library,4,true
cryptographic_weakness.incomplete_cleanup_of_keying_material,Incomplete Cleanup of Keying Material,5,true
cryptographic_weakness.insecure_implementation,Insecure Implementation,,false
cryptographic_weakness.insecure_implementation.improper_following_of_specification,Improper Following of Specification (Other),,true
cryptographic_weakness.insecure_implementation.missing_cryptographic_step,Missing Cryptographic Step,,true
cryptographic_weakness.insecure_key_generation,Insecure Key Generation,,false
cryptographic_weakness.insecure_key_generation.improper_asymmetric_exponent_selection,Improper Asymmetric Exponent Selection,,true
cryptographic_weakness.insecure_key_generation.improper_asymmetric_prime_selection,Improper Asymmetric Prime Selection,,true
cryptographic_weakness.insecure_key_generation.insufficient_key_space,Insufficient Key Space,3,true
cryptographic_weakness.insecure_key_generation.insufficient_key_stretching,Insufficient Key Stretching,,true
cryptographic_weakness.insecure_key_generation.key_exchange_without_entity_authentication,Key Exchage Without Entity Authentication,4,true
cryptographic_weakness.insufficient_entropy,Insufficient Entropy,,false
cryptographic_weakness.insufficient_entropy.initialization_vector_reuse,Initialization Vector (IV) Reuse,5,true
cryptographic_weakness.insufficient_entropy.limited_rng_entropy_source,Limited Random Number Generator (RNG) Entropy Source,4,true
cryptographic_weakness.insufficient_entropy.predictable_initialization_vector,Predictable Initialization Vector (IV),4,true
cryptographic_weakness.insufficient_entropy.predictable_prng_seed,Predictable Pseudo-Random Number Generator (PRNG) Seed,4,true
cryptographic_weakness.insufficient_entropy.prng_seed_reuse,Pseudo-Random Number Generator (PRNG) Seed Reuse,5,true
cryptographic_weakness.insufficient_entropy.small_seed_space_in_prng,Small Seed Space in Pseudo-Random Number Generator (PRNG),4,true
cryptographic_weakness.insufficient_entropy.use_of_trng_for_nonsecurity_purpose,Use of True Random Number Generator (TRNG) for Non-Security Purpose,5,true
cryptographic_weakness.insufficient_verification_of_data_authenticity,Insufficient Verification of Data Authenticity,,false
cryptographic_weakness.insufficient_verification_of_data_authenticity.cryptographic_signature,Cryptographic Signature,,true
cryptographic_weakness.insufficient_verification_of_data_authenticity.identity_check_value,Integrity Check Value (ICV),4,true
cryptographic_weakness.key_reuse,Key Reuse,,false
cryptographic_weakness.key_reuse.inter_environment,Inter-Environment,2,true
cryptographic_weakness.key_reuse.intra_environment,Intra-Environment,5,true
cryptographic_weakness.key_reuse.lack_of_perfect_forward_secrecy,Lack of Perfect Forward Secrecy,4,true
cryptographic_weakness.side_channel_attack,Side-Channel Attack,,false
cryptographic_weakness.side_channel_attack.differential_fault_analysis,Differential Fault Analysis,,true
cryptographic_weakness.side_channel_attack.emanations_attack,Emanations Attack,5,true
cryptographic_weakness.side_channel_attack.padding_oracle_attack,Padding Oracle Attack,4,true
cryptographic_weakness.side_channel_attack.power_analysis_attack,Power Analysis Attack,5,true
cryptographic_weakness.side_channel_attack.timing_attack,Timing Attack,4,true
cryptographic_weakness.use_of_expired_cryptographic_key_or_cert,Use of Expired Cryptographic Key (or Certificate),4,true
cryptographic_weakness.weak_hash,Weak Hash,,false
cryptographic_weakness.weak_hash.lack_of_salt,Lack of Salt,,true
cryptographic_weakness.weak_hash.predictable_hash_collision,Predictable Hash Collision,,true
cryptographic_weakness.weak_hash.use_of_predictable_salt,Use of Predictable Salt,5,true
data_biases,Data Biases,,false
data_biases.pre_existing_bias,Pre-existing Bias,,true
data_biases.representation_bias,Representation Bias,,true
decentralized_application_misconfiguration,Decentralized Application Misconfiguration,,false
decentralized_application_misconfiguration.defi_security,DeFi Security,,false
decentralized_application_misconfiguration.defi_security.flash_loan_attack,Flash Loan Attack,,true
decentralized_application_misconfiguration.defi_security.function_level_accounting_error,Function-Level Accounting Error,,true
decentralized_application_misconfiguration.defi_security.improper_implementation_of_governance,Improper Implementation of Governance,,true
decentralized_application_misconfiguration.defi_security.pricing_oracle_manipulation,Pricing Oracle Manipulation,,true
decentralized_application_misconfiguration.improper_authorization,Improper Authorization,,false
decentralized_application_misconfiguration.improper_authorization.insufficient_signature_validation,Insufficient Signature Validation,,true
decentralized_application_misconfiguration.insecure_data_storage,Insecure Data Storage,,false
decentralized_application_misconfiguration.insecure_data_storage.plaintext_private_key,Plaintext Private Key,1,true
decentralized_application_misconfiguration.insecure_data_storage.sensitive_information_exposure,Sensitive Information Exposure,,true
decentralized_application_misconfiguration.marketplace_security,Marketplace Security,,false
decentralized_application_misconfiguration.marketplace_security.denial_of_service,Denial of Service,,true
decentralized_application_misconfiguration.marketplace_security.improper_validation_and_checks_for_deposits_and_withdrawals,Improper Validation and Checks For Deposits and Withdrawals,,true
decentralized_application_misconfiguration.marketplace_security.malicious_order_offer,Malicious Order Offer,2,true
decentralized_application_misconfiguration.marketplace_security.miscalculated_accounting_logic,Miscalculated Accounting Logic,,true
decentralized_application_misconfiguration.marketplace_security.ofac_bypass,OFAC Bypass,3,true
decentralized_application_misconfiguration.marketplace_security.orderbook_manipulation,Orderbook Manipulation,1,true
decentralized_application_misconfiguration.marketplace_security.price_or_fee_manipulation,Price or Fee Manipulation,2,true
decentralized_application_misconfiguration.marketplace_security.signer_account_takeover,Signer Account Takeover,1,true
decentralized_application_misconfiguration.marketplace_security.unauthorized_asset_transfer,Unauthorized Asset Transfer,1,true
decentralized_application_misconfiguration.protocol_security_misconfiguration,Protocol Security Misconfiguration,,false
decentralized_application_misconfiguration.protocol_security_misconfiguration.node_level_denial_of_service,Node-level Denial of Service,1,true
developer_biases,Developer Biases,,false
developer_biases.implicit_bias,Implicit Bias,,true
external_behavior,External Behavior,,false
external_behavior.browser_feature,Browser Feature,,false
external_behavior.browser_feature.aggressive_offline_caching,Aggressive Offline Caching,5,true
external_behavior.browser_feature.autocomplete_enabled,Autocomplete Enabled,5,true
external_behavior.browser_feature.autocorrect_enabled,Autocorrect Enabled,5,true
external_behavior.browser_feature.plaintext_password_field,Plaintext Password Field,5,true
external_behavior.browser_feature.save_password,Save Password,5,true
external_behavior.captcha_bypass,Captcha Bypass,,false
external_behavior.captcha_bypass.crowdsourcing,Crowdsourcing,5,true
external_behavior.csv_injection,CSV Injection,5,true
external_behavior.system_clipboard_leak,System Clipboard Leak,,false
external_behavior.system_clipboard_leak.shared_links,Shared Links,5,true
external_behavior.user_password_persisted_in_memory,User Password Persisted in Memory,5,true
indicators_of_compromise,Indicators of Compromise,,true
insecure_data_storage,Insecure Data Storage,,false
insecure_data_storage.non_sensitive_application_data_stored_unencrypted,Non-Sensitive Application Data Stored Unencrypted,5,true
insecure_data_storage.screen_caching_enabled,Screen Caching Enabled,5,true
insecure_data_storage.sensitive_application_data_stored_unencrypted,Sensitive Application Data Stored Unencrypted,,false
insecure_data_storage.sensitive_application_data_stored_unencrypted.on_external_storage,On External Storage,4,true
insecure_data_storage.sensitive_application_data_stored_unencrypted.on_internal_storage,On Internal Storage,5,true
insecure_data_storage.server_side_credentials_storage,Server-Side Credentials Storage,,false
insecure_data_storage.server_side_credentials_storage.plaintext,Plaintext,4,true
insecure_data_transport,Insecure Data Transport,,false
insecure_data_transport.cleartext_transmission_of_sensitive_data,Cleartext Transmission of Sensitive Data,,true
insecure_data_transport.executable_download,Executable Download,,false
insecure_data_transport.executable_download.no_secure_integrity_check,No Secure Integrity Check,4,true
insecure_data_transport.executable_download.secure_integrity_check,Secure Integrity Check,5,true
insecure_os_firmware,Insecure OS/Firmware,,false
insecure_os_firmware.command_injection,Command Injection,1,true
insecure_os_firmware.data_not_encrypted_at_rest,Data not encrypted at rest,,false
insecure_os_firmware.data_not_encrypted_at_rest.non_sensitive,Non sensitive,5,true
insecure_os_firmware.data_not_encrypted_at_rest.sensitive,Sensitive,,true
insecure_os_firmware.failure_to_remove_sensitive_artifacts_from_disk,Failure to Remove Sensitive Artifacts from Disk,,true
insecure_os_firmware.hardcoded_password,Hardcoded Password,,false
insecure_os_firmware.hardcoded_password.non_privileged_user,Non-Privileged User,2,true
insecure_os_firmware.hardcoded_password.privileged_user,Privileged User,1,true
insecure_os_firmware.kiosk_escape_or_breakout,Kiosk Escape or Breakout,,true
insecure_os_firmware.local_administrator_on_default_environment,Local Administrator on default environment,2,true
insecure_os_firmware.over_permissioned_credentials_on_storage,Over-Permissioned Credentials on Storage,2,true
insecure_os_firmware.poorly_configured_disk_encryption,Poorly Configured Disk Encryption,,true
insecure_os_firmware.poorly_configured_operating_system_security,Poorly Configured Operating System Security,,true
insecure_os_firmware.recovery_of_disk_contains_sensitive_material,Recovery of Disk Contains Sensitive Material,,true
insecure_os_firmware.shared_credentials_on_storage,Shared Credentials on Storage,3,true
insecure_os_firmware.weakness_in_firmware_updates,Weakness in Firmware Updates,,false
insecure_os_firmware.weakness_in_firmware_updates.firmware_cannot_be_updated,Firmware cannot be updated,,true
insecure_os_firmware.weakness_in_firmware_updates.firmware_does_not_validate_update_integrity,Firmware does not validate update integrity,3,true
insecure_os_firmware.weakness_in_firmware_updates.firmware_is_not_encrypted,Firmware is not encrypted,5,true
insufficient_security_configurability,Insufficient Security Configurability,,false
insufficient_security_configurability.lack_of_notification_email,Lack of Notification Email,5,true
insufficient_security_configurability.no_password_policy,No Password Policy,4,true
insufficient_security_configurability.password_policy_bypass,Password Policy Bypass,5,true
insufficient_security_configurability.verification_of_contact_method_not_required,Verification of Contact Method not Required,5,true
insufficient_security_configurability.weak_password_policy,Weak Password Policy,5,true
insufficient_security_configurability.weak_password_reset_implementation,Weak Password Reset Implementation,,false
insufficient_security_configurability.weak_password_reset_implementation.token_has_long_timed_expiry,Token Has Long Timed Expiry,5,true
insufficient_security_configurability.weak_password_reset_implementation.token_is_not_invalidated_after_email_change,Token is Not Invalidated After Email Change,5,true
insufficient_security_configurability.weak_password_reset_implementation.token_is_not_invalidated_after_login,Token is Not Invalidated After Login,5,true
insufficient_security_configurability.weak_password_reset_implementation.token_is_not_invalidated_after_new_token_is_requested,Token is Not Invalidated After New Token is Requested,5,true
insufficient_security_configurability.weak_password_reset_implementation.token_is_not_invalidated_after_password_change,Token is Not Invalidated After Password Change,5,true
insufficient_security_configurability.weak_password_reset_implementation.token_is_not_invalidated_after_use,Token is Not Invalidated After Use,4,true
insufficient_security_configurability.weak_registration_implementation,Weak Registration Implementation,,false
insufficient_security_configurability.weak_registration_implementation.allows_disposable_email_addresses,Allows Disposable Email Addresses,5,true
insufficient_security_configurability.weak_two_fa_implementation,Weak 2FA Implementation,,false
insufficient_security_configurability.weak_two_fa_implementation.missing_failsafe,Missing Failsafe,5,true
insufficient_security_configurability.weak_two_fa_implementation.old_two_fa_code_is_not_invalidated_after_new_code_is_generated,Old 2FA Code is Not Invalidated After New Code is Generated,5,true
insufficient_security_configurability.weak_two_fa_implementation.two_fa_code_is_not_updated_after_new_code_is_requested,2FA Code is Not Updated After New Code is Requested,5,true
insufficient_security_configurability.weak_two_fa_implementation.two_fa_secret_cannot_be_rotated,2FA Secret Cannot be Rotated,4,true
insufficient_security_configurability.weak_two_fa_implementation.two_fa_secret_remains_obtainable_after_two_fa_is_enabled,2FA Secret Remains Obtainable After 2FA is Enabled,4,true
insufficient_security_configurability.no_two_fa_implementation,No 2FA Implementation,5,true
insufficient_security_configurability.no_account_lockout,No Account Lockout,5,true
insufficient_security_configurability.weak_jwt_hashing_algorithm,Weak JSON Web Token (JWT) Hashing Algorithm,5,true
lack_of_binary_hardening,Lack of Binary Hardening,,false
lack_of_binary_hardening.lack_of_exploit_mitigations,Lack of Exploit Mitigations,5,true
lack_of_binary_hardening.lack_of_jailbreak_detection,Lack of Jailbreak Detection,5,true
lack_of_binary_hardening.lack_of_obfuscation,Lack of Obfuscation,5,true
lack_of_binary_hardening.runtime_instrumentation_based,Runtime Instrumentation-Based,5,true
misinterpretation_biases,Misinterpretation Biases,,false
misinterpretation_biases.context_ignorance,Context Ignorance,,true
mobile_security_misconfiguration,Mobile Security Misconfiguration,,false
mobile_security_misconfiguration.auto_backup_allowed_by_default,Auto Backup Allowed by Default,5,true
mobile_security_misconfiguration.clipboard_enabled,Clipboard Enabled,5,true
mobile_security_misconfiguration.ssl_certificate_pinning,SSL Certificate Pinning,,false
mobile_security_misconfiguration.ssl_certificate_pinning.absent,Absent,5,true
mobile_security_misconfiguration.ssl_certificate_pinning.defeatable,Defeatable,5,true
mobile_security_misconfiguration.tapjacking,Tapjacking,5,true
network_security_misconfiguration,Network Security Misconfiguration,,false
network_security_misconfiguration.telnet_enabled,Telnet Enabled,5,true
physical_security_issues,Physical Security Issues,,false
physical_security_issues.bypass_of_physical_access_control,Bypass of physical access control,,true
physical_security_issues.weakness_in_physical_access_control,Weakness in physical access control,,false
physical_security_issues.weakness_in_physical_access_control.cloneable_key,Cloneable Key,,true
physical_security_issues.weakness_in_physical_access_control.commonly_keyed_system,Commonly Keyed System,2,true
physical_security_issues.weakness_in_physical_access_control.master_key_identification,Master Key Identification,,true
privacy_concerns,Privacy Concerns,,false
privacy_concerns.unnecessary_data_collection,Unnecessary Data Collection,,false
privacy_concerns.unnecessary_data_collection.wifi_ssid_password,WiFi SSID+Password,4,true
protocol_specific_misconfiguration,Protocol Specific Misconfiguration,,false
protocol_specific_misconfiguration.frontrunning_enabled_attack,Frontrunning-Enabled Attack,2,true
protocol_specific_misconfiguration.improper_validation_and_finalization_logic,Improper Validation and Finalization Logic,,true
protocol_specific_misconfiguration.misconfigured_staking_logic,Misconfigured Staking Logic,,true
protocol_specific_misconfiguration.sandwich_enabled_attack,Sandwich-Enabled Attack,2,true
sensitive_data_exposure,Sensitive Data Exposure,,false
sensitive_data_exposure.disclosure_of_known_public_information,Disclosure of Known Public Information,5,true
sensitive_data_exposure.disclosure_of_secrets,Disclosure of Secrets,,false
sensitive_data_exposure.disclosure_of_secrets.data_traffic_spam,Data/Traffic Spam,5,true
sensitive_data_exposure.disclosure_of_secrets.for_internal_asset,For Internal Asset,3,true
sensitive_data_exposure.disclosure_of_secrets.for_publicly_accessible_asset,For Publicly Accessible Asset,1,true
sensitive_data_exposure.disclosure_of_secrets.intentionally_public_sample_or_invalid,"Intentionally Public, Sample or Invalid",5,true
sensitive_data_exposure.disclosure_of_secrets.non_corporate_user,Non-Corporate User,5,true
sensitive_data_exposure.disclosure_of_secrets.pay_per_use_abuse,Pay-Per-Use Abuse,4,true
sensitive_data_exposure.disclosure_of_secrets.pii_leakage_exposure,PII Leakage/Exposure,,true
sensitive_data_exposure.disclosure_of_secrets.sensitive_information_disclosed_jwt,Sensitive Information Disclosed in JSON Web Token (JWT),5,true
sensitive_data_exposure.disclosure_of_secrets.publicly_accessible_robots,Publicly accessible Robots.txt,5,true
sensitive_data_exposure.exif_geolocation_data_not_stripped_from_uploaded_images,EXIF Geolocation Data Not Stripped From Uploaded Images,,false
sensitive_data_exposure.exif_geolocation_data_not_stripped_from_uploaded_images.automatic_user_enumeration,Automatic User Enumeration,3,true
sensitive_data_exposure.exif_geolocation_data_not_stripped_from_uploaded_images.manual_user_enumeration,Manual User Enumeration,4,true
sensitive_data_exposure.graphql_introspection_enabled,GraphQL Introspection Enabled,5,true
sensitive_data_exposure.internal_ip_disclosure,Internal IP Disclosure,5,true
sensitive_data_exposure.json_hijacking,JSON Hijacking,5,true
sensitive_data_exposure.mixed_content,Mixed Content (HTTPS Sourcing HTTP),5,true
sensitive_data_exposure.non_sensitive_token_in_url,Non-Sensitive Token in URL,5,true
sensitive_data_exposure.sensitive_data_hardcoded,Sensitive Data Hardcoded,,false
sensitive_data_exposure.sensitive_data_hardcoded.file_paths,File Paths,5,true
sensitive_data_exposure.sensitive_data_hardcoded.oauth_secret,OAuth Secret,5,true
sensitive_data_exposure.sensitive_token_in_url,Sensitive Token in URL,,false
sensitive_data_exposure.sensitive_token_in_url.in_the_background,In the Background,5,true
sensitive_data_exposure.sensitive_token_in_url.on_password_reset,On Password Reset,5,true
sensitive_data_exposure.sensitive_token_in_url.user_facing,User Facing,4,true
sensitive_data_exposure.token_leakage_via_referer,Token Leakage via Referer,,false
sensitive_data_exposure.token_leakage_via_referer.over_http,Over HTTP,4,true
sensitive_data_exposure.token_leakage_via_referer.password_reset_token,Password Reset Token,5,true
sensitive_data_exposure.token_leakage_via_referer.trusted_third_party,Trusted 3rd Party,5,true
sensitive_data_exposure.token_leakage_via_referer.untrusted_third_party,Untrusted 3rd Party,4,true
sensitive_data_exposure.via_localstorage_sessionstorage,Via localStorage/sessionStorage,,false
sensitive_data_exposure.via_localstorage_sessionstorage.non_sensitive_token,Non-Sensitive Token,5,true
sensitive_data_exposure.via_localstorage_sessionstorage.sensitive_token,Sensitive Token,4,true
sensitive_data_exposure.visible_detailed_error_page,Visible Detailed Error/Debug Page,,false
sensitive_data_exposure.visible_detailed_error_page.descriptive_stack_trace,Descriptive Stack Trace,5,true
sensitive_data_exposure.visible_detailed_error_page.detailed_server_configuration,Detailed Server Configuration,4,true
sensitive_data_exposure.visible_detailed_error_page.full_path_disclosure,Full Path Disclosure,5,true
sensitive_data_exposure.weak_password_reset_implementation,Weak Password Reset Implementation,,false
sensitive_data_exposure.weak_password_reset_implementation.password_reset_token_sent_over_http,Password Reset Token Sent Over HTTP,4,true
sensitive_data_exposure.weak_password_reset_implementation.token_leakage_via_host_header_poisoning,Token Leakage via Host Header Poisoning,2,true
sensitive_data_exposure.xssi,Cross Site Script Inclusion (XSSI),,true
server_security_misconfiguration,Server Security Misconfiguration,,false
server_security_misconfiguration.bitsquatting,Bitsquatting,5,true
server_security_misconfiguration.cache_deception,Cache Deception,,true
server_security_misconfiguration.cache_poisoning,Cache Poisoning,,true
server_security_misconfiguration.captcha,CAPTCHA,,false
server_security_misconfiguration.captcha.brute_force,Brute Force,5,true
server_security_misconfiguration.captcha.implementation_vulnerability,Implementation Vulnerability,4,true
server_security_misconfiguration.captcha.missing,Missing,5,true
server_security_misconfiguration.clickjacking,Clickjacking,,false
server_security_misconfiguration.clickjacking.form_input,Form Input,5,true
server_security_misconfiguration.clickjacking.non_sensitive_action,Non-Sensitive Action,5,true
server_security_misconfiguration.clickjacking.sensitive_action,Sensitive Click-Based Action,4,true
server_security_misconfiguration.cookie_scoped_to_parent_domain,Cookie Scoped to Parent Domain,5,true
server_security_misconfiguration.dbms_misconfiguration,Database Management System (DBMS) Misconfiguration,,false
server_security_misconfiguration.dbms_misconfiguration.excessively_privileged_user_dba,Excessively Privileged User / DBA,4,true
server_security_misconfiguration.directory_listing_enabled,Directory Listing Enabled,,false
server_security_misconfiguration.directory_listing_enabled.non_sensitive_data_exposure,Non-Sensitive Data Exposure,5,true
server_security_misconfiguration.directory_listing_enabled.sensitive_data_exposure,Sensitive Data Exposure,,true
server_security_misconfiguration.email_verification_bypass,Email Verification Bypass,5,true
server_security_misconfiguration.exposed_portal,Exposed Portal,,false
server_security_misconfiguration.exposed_portal.admin_portal,Admin Portal,1,true
server_security_misconfiguration.exposed_portal.non_admin_portal,Non-Admin Portal,3,true
server_security_misconfiguration.exposed_portal.protected,Protected,5,true
server_security_misconfiguration.fingerprinting_banner_disclosure,Fingerprinting/Banner Disclosure,5,false
server_security_misconfiguration.fingerprinting_banner_disclosure.software_version_in_response_headers,Software Versions Disclosed in Response Headers,5,true
server_security_misconfiguration.insecure_ssl,Insecure SSL,,false
server_security_misconfiguration.insecure_ssl.certificate_error,Certificate Error,5,true
server_security_misconfiguration.insecure_ssl.insecure_cipher_suite,Insecure Cipher Suite,5,true
server_security_misconfiguration.insecure_ssl.lack_of_forward_secrecy,Lack of Forward Secrecy,5,true
server_security_misconfiguration.lack_of_password_confirmation,Lack of Password Confirmation,,false
server_security_misconfiguration.lack_of_password_confirmation.change_email_address,Change Email Address,5,true
server_security_misconfiguration.lack_of_password_confirmation.change_password,Change Password,5,true
server_security_misconfiguration.lack_of_password_confirmation.delete_account,Delete Account,4,true
server_security_misconfiguration.lack_of_password_confirmation.manage_two_fa,Manage 2FA,5,true
server_security_misconfiguration.lack_of_security_headers,Lack of Security Headers,,false
server_security_misconfiguration.lack_of_security_headers.cache_control_for_a_non_sensitive_page,Cache-Control for a Non-Sensitive Page,5,true
server_security_misconfiguration.lack_of_security_headers.cache_control_for_a_sensitive_page,Cache-Control for a Sensitive Page,4,true
server_security_misconfiguration.lack_of_security_headers.content_security_policy,Content-Security-Policy,5,true
server_security_misconfiguration.lack_of_security_headers.content_security_policy_report_only,Content-Security-Policy-Report-Only,5,true
server_security_misconfiguration.lack_of_security_headers.public_key_pins,Public-Key-Pins,5,true
server_security_misconfiguration.lack_of_security_headers.strict_transport_security,Strict-Transport-Security,5,true
server_security_misconfiguration.lack_of_security_headers.x_content_security_policy,X-Content-Security-Policy,5,true
server_security_misconfiguration.lack_of_security_headers.x_content_type_options,X-Content-Type-Options,5,true
server_security_misconfiguration.lack_of_security_headers.x_frame_options,X-Frame-Options,5,true
server_security_misconfiguration.lack_of_security_headers.x_webkit_csp,X-Webkit-CSP,5,true
server_security_misconfiguration.lack_of_security_headers.x_xss_protection,X-XSS-Protection,5,true
server_security_misconfiguration.mail_server_misconfiguration,Mail Server Misconfiguration,,false
server_security_misconfiguration.mail_server_misconfiguration.email_spoofing_on_non_email_domain,Email Spoofing on Non-Email Domain,5,true
server_security_misconfiguration.mail_server_misconfiguration.email_spoofing_to_inbox_due_to_missing_or_misconfigured_dmarc_on_email_domain,Email Spoofing to Inbox due to Missing or Misconfigured DMARC on Email Domain,4,true
server_security_misconfiguration.mail_server_misconfiguration.email_spoofing_to_spam_folder,Email Spoofing to Spam Folder,5,true
server_security_misconfiguration.mail_server_misconfiguration.missing_or_misconfigured_spf_and_or_dkim,Missing or Misconfigured SPF and/or DKIM,5,true
server_security_misconfiguration.mail_server_misconfiguration.no_spoofing_protection_on_email_domain,No Spoofing Protection on Email Domain,3,true
server_security_misconfiguration.misconfigured_dns,Misconfigured DNS,,false
server_security_misconfiguration.misconfigured_dns.missing_caa_record,Missing Certification Authority Authorization (CAA) Record,5,true
server_security_misconfiguration.misconfigured_dns.subdomain_takeover,Subdomain Takeover,3,true
server_security_misconfiguration.misconfigured_dns.zone_transfer,Zone Transfer,4,true
server_security_misconfiguration.missing_dnssec,Missing DNSSEC,5,true
server_security_misconfiguration.missing_secure_or_httponly_cookie_flag,Missing Secure or HTTPOnly Cookie Flag,,false
server_security_misconfiguration.missing_secure_or_httponly_cookie_flag.non_session_cookie,Non-Session Cookie,5,true
server_security_misconfiguration.missing_secure_or_httponly_cookie_flag.session_token,Session Token,4,true
server_security_misconfiguration.missing_subresource_integrity,Missing Subresource Integrity,5,true
server_security_misconfiguration.no_rate_limiting_on_form,No Rate Limiting on Form,,false
server_security_misconfiguration.no_rate_limiting_on_form.change_password,Change Password,5,true
server_security_misconfiguration.no_rate_limiting_on_form.email_triggering,Email-Triggering,4,true
server_security_misconfiguration.no_rate_limiting_on_form.login,Login,4,true
server_security_misconfiguration.no_rate_limiting_on_form.registration,Registration,4,true
server_security_misconfiguration.no_rate_limiting_on_form.sms_triggering,SMS-Triggering,4,true
server_security_misconfiguration.oauth_misconfiguration,OAuth Misconfiguration,,false
server_security_misconfiguration.oauth_misconfiguration.account_squatting,Account Squatting,4,true
server_security_misconfiguration.oauth_misconfiguration.account_takeover,Account Takeover,2,true
server_security_misconfiguration.oauth_misconfiguration.insecure_redirect_uri,Insecure Redirect URI,,true
server_security_misconfiguration.oauth_misconfiguration.missing_state_parameter,Missing/Broken State Parameter,,true
server_security_misconfiguration.path_traversal,Path Traversal,,true
server_security_misconfiguration.potentially_unsafe_http_method_enabled,Potentially Unsafe HTTP Method Enabled,,false
server_security_misconfiguration.potentially_unsafe_http_method_enabled.options,OPTIONS,5,true
server_security_misconfiguration.potentially_unsafe_http_method_enabled.trace,TRACE,5,true
server_security_misconfiguration.race_condition,Race Condition,,true
server_security_misconfiguration.request_smuggling,HTTP Request Smuggling,,true
server_security_misconfiguration.rfd,Reflected File Download (RFD),5,true
server_security_misconfiguration.same_site_scripting,Same-Site Scripting,5,true
server_security_misconfiguration.server_side_request_forgery_ssrf,Server-Side Request Forgery (SSRF),,false
server_security_misconfiguration.server_side_request_forgery_ssrf.external_dns_query_only,External - DNS Query Only,5,true
server_security_misconfiguration.server_side_request_forgery_ssrf.external_low_impact,External - Low impact,5,true
server_security_misconfiguration.server_side_request_forgery_ssrf.internal_secrets_exposure,Internal Secrets Exposure,2,true
server_security_misconfiguration.server_side_request_forgery_ssrf.internal_data_exposure,Internal Data Exposure,3,true
server_security_misconfiguration.server_side_request_forgery_ssrf.internal_port_service_scan,Internal Port Service Scan,3,true
server_security_misconfiguration.server_side_request_forgery_ssrf.internal_exposure_presence_data_secrets,Internal Exposure of the Presence of Data/Secrets,4,true
server_security_misconfiguration.server_side_request_forgery_ssrf.internal_port_scan_only,Internal Port Scan Only,4,true
server_security_misconfiguration.software_package_takeover,Software Package Takeover,,true
server_security_misconfiguration.ssl_attack_breach_poodle_etc,"SSL Attack (BREACH, POODLE etc.)",,true
server_security_misconfiguration.unsafe_cross_origin_resource_sharing,Unsafe Cross-Origin Resource Sharing,,true
server_security_misconfiguration.unsafe_file_upload,Unsafe File Upload,,false
server_security_misconfiguration.unsafe_file_upload.file_extension_filter_bypass,File Extension Filter Bypass,5,true
server_security_misconfiguration.unsafe_file_upload.no_antivirus,No Antivirus,5,true
server_security_misconfiguration.unsafe_file_upload.no_size_limit,No Size Limit,5,true
server_security_misconfiguration.username_enumeration,Username/Email Enumeration,,false
server_security_misconfiguration.username_enumeration.brute_force,Brute Force,5,true
server_security_misconfiguration.using_default_credentials,Using Default Credentials,1,true
server_security_misconfiguration.waf_bypass,Web Application Firewall (WAF) Bypass,,false
server_security_misconfiguration.waf_bypass.direct_server_access,Direct Server Access,4,true
server_security_misconfiguration.misconfigured_file_share,Misconfigured File Share,,false
server_security_misconfiguration.misconfigured_file_share.anonymous_ftp_enabled,Anonymous FTP Enabled,,true
server_security_misconfiguration.misconfigured_file_share.anonymous_smb_enabled,Anonymous SMB Enabled,,true
server_security_misconfiguration.misconfigured_file_share.non_sensitive_data_exposure_ftp_smb,Non-Sensitive Data Exposure via Anonymous FTP/SMB Enabled,5,true
server_security_misconfiguration.misconfigured_security_headers,Misconfigured Security Headers ,,false
server_security_misconfiguration.misconfigured_security_headers.insecure_csp,Insecure Content-Security-Policy,5,true
server_side_injection,Server-Side Injection,,false
server_side_injection.content_spoofing,Content Spoofing,,false
server_side_injection.content_spoofing.email_html_injection,Email HTML Injection,4,true
server_side_injection.content_spoofing.email_hyperlink_injection_based_on_email_provider,Email Hyperlink Injection Based on Email Provider,5,true
server_side_injection.content_spoofing.external_authentication_injection,External Authentication Injection,4,true
server_side_injection.content_spoofing.flash_based_external_authentication_injection,Flash Based External Authentication Injection,5,true
server_side_injection.content_spoofing.homograph_idn_based,Homograph/IDN-Based,5,true
server_side_injection.content_spoofing.html_content_injection,HTML Content Injection,5,true
server_side_injection.content_spoofing.iframe_injection,iframe Injection,3,true
server_side_injection.content_spoofing.impersonation_via_broken_link_hijacking,Impersonation via Broken Link Hijacking,4,true
server_side_injection.content_spoofing.rtlo,Right-to-Left Override (RTLO),5,true
server_side_injection.content_spoofing.text_injection,Text Injection,5,true
server_side_injection.content_spoofing.self_email_html_injection,Self Email HTML Injection,5,true
server_side_injection.exposed_data,Exposed Data,,false
server_side_injection.exposed_data.non_sensitive_data,Non Sensitive Data,5,true
server_side_injection.exposed_data.sensitive_data,Sensitive Data,,true
server_side_injection.file_inclusion,File Inclusion,,false
server_side_injection.file_inclusion.local,Local,1,true
server_side_injection.http_response_manipulation,HTTP Response Manipulation,,false
server_side_injection.http_response_manipulation.response_splitting_crlf,Response Splitting (CRLF),3,true
server_side_injection.ldap_injection,LDAP Injection,,true
server_side_injection.parameter_pollution,Parameter Pollution,,false
server_side_injection.parameter_pollution.social_media_sharing_buttons,Social Media Sharing Buttons,5,true
server_side_injection.remote_code_execution_rce,Remote Code Execution (RCE),1,true
server_side_injection.sql_injection,SQL Injection,1,true
server_side_injection.ssti,Server-Side Template Injection (SSTI),,false
server_side_injection.ssti.basic,Basic,4,true
server_side_injection.ssti.custom,Custom,,true
server_side_injection.xml_external_entity_injection_xxe,XML External Entity Injection (XXE),1,true
smart_contract_misconfiguration,Smart Contract Misconfiguration,,false
smart_contract_misconfiguration.bypass_of_function_modifiers_and_checks,Bypass of Function Modifiers and Checks,,true
smart_contract_misconfiguration.function_level_denial_of_service,Function-level Denial of Service,3,true
smart_contract_misconfiguration.improper_decimals_implementation,Improper Decimals Implementation,4,true
smart_contract_misconfiguration.improper_fee_implementation,Improper Fee Implementation,3,true
smart_contract_misconfiguration.improper_use_of_modifier,Improper Use of Modifier,4,true
smart_contract_misconfiguration.inaccurate_rounding_calculation,Inaccurate Rounding Calculation,,true
smart_contract_misconfiguration.integer_overflow_underflow,Integer Overflow / Underflow,2,true
smart_contract_misconfiguration.irreversible_function_call,Irreversible Function Call,3,true
smart_contract_misconfiguration.malicious_superuser_risk,Malicious Superuser Risk,3,true
smart_contract_misconfiguration.reentrancy_attack,Reentrancy Attack,1,true
smart_contract_misconfiguration.smart_contract_owner_takeover,Smart Contract Owner Takeover,1,true
smart_contract_misconfiguration.unauthorized_smart_contract_approval,Unauthorized Smart Contract Approval,2,true
smart_contract_misconfiguration.unauthorized_transfer_of_funds,Unauthorized Transfer of Funds,1,true
smart_contract_misconfiguration.uninitialized_variables,Uninitialized Variables,1,true
societal_biases,Societal Biases,,false
societal_biases.confirmation_bias,Confirmation Bias,,true
societal_biases.systemic_bias,Systemic Bias,,true
unvalidated_redirects_and_forwards,Unvalidated Redirects and Forwards,,false
unvalidated_redirects_and_forwards.lack_of_security_speed_bump_page,Lack of Security Speed Bump Page,5,true
unvalidated_redirects_and_forwards.open_redirect,Open Redirect,,false
unvalidated_redirects_and_forwards.open_redirect.flash_based,Flash-Based,5,true
unvalidated_redirects_and_forwards.open_redirect.get_based,GET-Based,4,true
unvalidated_redirects_and_forwards.open_redirect.header_based,Header-Based,5,true
unvalidated_redirects_and_forwards.open_redirect.post_based,POST-Based,5,true
unvalidated_redirects_and_forwards.tabnabbing,Tabnabbing,5,true
using_components_with_known_vulnerabilities,Using Components with Known Vulnerabilities,,false
using_components_with_known_vulnerabilities.captcha_bypass,Captcha Bypass,,false
using_components_with_known_vulnerabilities.captcha_bypass.ocr_optical_character_recognition,OCR (Optical Character Recognition),5,true
using_components_with_known_vulnerabilities.outdated_software_version,Outdated Software Version,5,true
using_components_with_known_vulnerabilities.rosetta_flash,Rosetta Flash,5,true
using_components_with_known_vulnerabilities.unpatched_javascript_libraries,Unpatched Javascript Libraries,5,true
zero_knowledge_security_misconfiguration,Zero Knowledge Security Misconfiguration,,false
zero_knowledge_security_misconfiguration.deanonymization_of_data,Deanonymization of Data,1,true
zero_knowledge_security_misconfiguration.improper_proof_validation_and_finalization_logic,Improper Proof Validation and Finalization Logic,1,true
zero_knowledge_security_misconfiguration.misconfigured_trusted_setup,Misconfigured Trusted Setup,,true
zero_knowledge_security_misconfiguration.mismatching_bit_lengths,Mismatching Bit Lengths,,true
zero_knowledge_security_misconfiguration.missing_constraint,Missing Constraint,,true
zero_knowledge_security_misconfiguration.missing_range_check,Missing Range Check,,true
active_directory,Active Directory (AD),,false
active_directory.sscm_abuse,SCCM Abuse,,false
active_directory.sscm_abuse.pxe_boot_media_theft,PXE Boot Media Theft,,true
active_directory.sscm_abuse.distribution_point_anonymous_access,Distribution Point Permits Anonymous Access,,true
active_directory.sscm_abuse.automatic_device_approval,Automatic Device Approval Enabled,,true
active_directory.sscm_abuse.ntlm_management_point_site_database,NTLM Relay From Management Point to Site Database,,true
active_directory.sscm_abuse.ntlm_site_server_site_systems,NTLM Relay From Site Server To Site Systems,,true
active_directory.sscm_abuse.ntlm_automatic_push_installation,NTLM Relay Via Automatic Client Push Installation,,true
active_directory.sscm_abuse.privileged_credentials_exposed,"Privileged Credentials Exposed In Task Sequences, Collection Variables or Network Access Account",,true
active_directory.kerberos_abuse,Kerberos Abuse,,false
active_directory.kerberos_abuse.domain_compromise_unconstrained_delegated,Domain Compromise via Unconstrained Delegated,1,true
active_directory.kerberos_abuse.insecure_service_account_management,Insecure Service Account Management (Kerberoasting),2,true
active_directory.kerberos_abuse.no_pre_authentication,User Does Not Require Pre-authentication (ASREPRoasting),2,true
active_directory.misconfigured_active_directory_certificate_services,Misconfigured Active Directory Certificate Services (ADCS),,true
active_directory.configuration_weaknesses,Configuration Weaknesses,,false
active_directory.configuration_weaknesses.passwords_found_domain_description,Passwords Found within Domain User Account Description,,true
active_directory.configuration_weaknesses.weak_domain_password_policy,Weak Domain Password Policy,2,true
active_directory.configuration_weaknesses.shared_administrator_passwords,Shared Administrator Passwords,2,true
active_directory.configuration_weaknesses.excessive_domain_admin_membership,Excessive Domain Admin Membership,3,true
active_directory.configuration_weaknesses.dormant_enabled_user_accounts,Dormant / Inactive User Accounts Enabled in the Domain,3,true
active_directory.sensitive_data_exposure,Sensitive Data Exposure,,false
active_directory.sensitive_data_exposure.ldap_anonymous_bind_enabled,LDAP Anonymous Bind Enabled,,true
active_directory.sensitive_data_exposure.sensitive_data_in_open_file_shares,Sensitive Data in Open File Shares,,true
active_directory.dacl_abuse,DACL Abuse,,true
