id,title
MASTG-TOOL-0001,Frida (Android)
MASTG-TOOL-0002,MobSF (Android)
MASTG-TOOL-0003,nm (Android)
MASTG-TOOL-0004,adb
MASTG-TOOL-0005,Android NDK
MASTG-TOOL-0006,Android SDK
MASTG-TOOL-0007,Android Studio
MASTG-TOOL-0008,Android-SSL-TrustKiller
MASTG-TOOL-0009,APKiD
MASTG-TOOL-0010,APKLab
MASTG-TOOL-0011,Apktool
MASTG-TOOL-0012,apkx
MASTG-TOOL-0013,Busybox
MASTG-TOOL-0014,Bytecode Viewer
MASTG-TOOL-0015,drozer
MASTG-TOOL-0016,gplaycli
MASTG-TOOL-0017,House
MASTG-TOOL-0018,jadx
MASTG-TOOL-0019,jdb
MASTG-TOOL-0020,JustTrustMe
MASTG-TOOL-0021,Magisk
MASTG-TOOL-0022,ProGuard
MASTG-TOOL-0023,RootCloak Plus
MASTG-TOOL-0024,Scrcpy
MASTG-TOOL-0025,SSLUnpinning
MASTG-TOOL-0026,Termux
MASTG-TOOL-0027,Xposed
MASTG-TOOL-0028,radare2 for Android
MASTG-TOOL-0029,objection (Android)
MASTG-TOOL-0030,Angr
MASTG-TOOL-0099,FlowDroid
MASTG-TOOL-0103,uber-apk-signer
MASTG-TOOL-0107,jnitrace
MASTG-TOOL-0112,pidcat
MASTG-TOOL-0116,blutter
MASTG-TOOL-0120,ProxyDroid
MASTG-TOOL-0123,apksigner
MASTG-TOOL-0124,aapt2
MASTG-TOOL-0125,Apkleaks
MASTG-TOOL-0130,blint
MASTG-TOOL-0140,frida-multiple-unpinning
MASTG-TOOL-0146,RootBeer
MASTG-TOOL-0147,Android RASP
MASTG-TOOL-0148,apkeep
MASTG-TOOL-0149,LSPosed
MASTG-TOOL-0151,debugmepLS
MASTG-TOOL-0152,lldb (Android)
MASTG-TOOL-0153,dProtect
