rule_file,id,title
mastg-android-asymmetric-key-pair-used-for-multiple-purposes.yml,,
mastg-android-backup-manifest.yml,,
mastg-android-biometric-device-credential-fallback.yml,,
mastg-android-biometric-event-bound.yml,,
mastg-android-biometric-invalidated-enrollment.yml,,
mastg-android-biometric-no-confirmation-required.yml,,
mastg-android-biometric-validity-duration.yml,,
mastg-android-broken-encryption-algorithms.yaml,,
mastg-android-broken-encryption-modes.yaml,,
mastg-android-content-provider-exported.yml,,
mastg-android-custom-deeplink-scheme.yml,,
mastg-android-dangerous-app-permissions.yaml,,
mastg-android-data-unencrypted-shared-storage-no-user-interaction-apis.yml,,
mastg-android-data-unencrypted-shared-storage-no-user-interaction-manifest.yml,,
mastg-android-debuggable-flag.yml,,
mastg-android-debugger-checks.yml,,
mastg-android-deeplink-autoverify-missing.yml,,
mastg-android-deeplink-unvalidated-parameter.yml,,
mastg-android-device-passcode-present.yml,,
mastg-android-fileprovider-broad-scope.yml,,
mastg-android-hardcoded-crypto-keys-usage.yml,,
mastg-android-hardcoded-security-provider.yaml,,
mastg-android-implicit-intent-internal-communication.yml,,
mastg-android-implicit-intent-leaking-extras.yml,,
mastg-android-input-field-usage.yml,,
mastg-android-key-generation-with-insufficient-key-length.yml,,
mastg-android-keyboard-cache-input-types.yml,,
mastg-android-local-storage-input-validation.yml,,
mastg-android-native-debugger-checks.yml,,
mastg-android-network-checkservertrusted.yml,,
mastg-android-network-hostname-verification.yml,,
mastg-android-network-insecure-trust-anchors.yml,,
mastg-android-network-onreceivedsslerror.yml,,
mastg-android-non-random-use.yml,,
mastg-android-object-deserialization.yml,,
mastg-android-overlay-protection.yml,,
mastg-android-pendingintent-mutable.yml,,
mastg-android-random-apis-insufficient-entropy.yml,,
mastg-android-root-detection.yaml,,
mastg-android-sdk-version.yml,,
mastg-android-sensitive-data-in-notifications-manifest.yml,,
mastg-android-sensitive-data-in-notifications.yml,,
mastg-android-sensitive-data-in-screenshot.yml,,
mastg-android-sql-injection-contentprovider.yml,,
mastg-android-ssl-socket-hostnameverifier.yml,,
mastg-android-strictmode.yml,,
mastg-android-system-alert-window.yml,,
mastg-android-webview-allow-local-access.yml,,
mastg-android-webview-bridges.yml,,
mastg-android-webview-safebrowsing.yml,,
mastg-android-webview-url-handlers.yml,,
